番号,単語,意味
1,teacher,先生
2,bag,かばん
3,book,本
4,notebook,ノート
5,not,～ではない
6,apple,りんご
7,orange,オレンジ、みかん
8,baseball,野球
9,soccer,サッカー
10,basketball,バスケットボール
11,tennis,テニス
12,from,～から
13,yes,はい
14,no,いいえ
15,name,名前
16,this,これ、この
17,that,あれ、あの
18,morning,朝
19,afternoon,午後
20,evening,夕方、晩
21,dog,犬
22,cat,猫
23,friend,友達
24,brother,兄、弟
25,sister,姉、妹
26,the,その、例の
27,what,何、何の
28,who,だれ
29,like,好き、好む
30,study,勉強する
31,live,住む、生きる
32,know,知っている
33,hi,やあ、こんにちは
34,hello,こんにちは
35,good,良い
36,and,そして、～と
37,pen,ペン
38,pencil,鉛筆
39,desk,机
40,chair,いす
41,table,テーブル、机
42,racket,ラケット
43,ball,ボール
44,picture,絵、写真
45,very,とても
46,every,すべての、毎～
47,to,～へ、～に
48,at,～で、～に
49,for,～のために、～に
50,many,たくさんの、多くの
51,some,いくつかの、いくらかの
52,any,いくらかの、どんな～でも
53,these,これら、これらの
54,those,あれら、あれらの
55,school,学校
56,class,クラス、授業
57,classmate,クラスメート
58,classroom,教室
59,club,クラブ、部活動
60,English,英語
61,Japanese,日本語、日本人、日本の
62,too,～も、あまりに～
63,watch,見る、腕時計
64,play,遊ぶ、（スポーツなどを）する
65,box,箱
66,city,都市、市
67,park,公園
68,boy,男の子
69,girl,女の子
70,father,父、父親
71,mother,母、母親
72,woman,女性
73,in,～の中に、～で
74,of,～の、～について
75,clean,きれいな、掃除する
76,practice,練習する、練習
77,open,開ける、開いている
78,close,閉める、近い
79,run,走る
80,look,見る、～に見える
81,see,見る、会う
82,meet,会う
83,egg,卵
84,bike,自転車
85,bird,鳥
86,fish,魚
87,on,～の上に、～で
88,or,または、～か
89,eat,食べる
90,listen,聞く
91,house,家
92,fine,元気な、すばらしい、細かい
93,nice,すてきな、よい
94,high,高い
95,tall,背が高い
96,much,たくさんの、非常に
97,hard,難しい、一生懸命に、硬い
98,one,1、一つ
99,everyone,みんな、全員
100,up,上へ、上に
101,down,下へ、下に
102,how,どのように、どのくらい
103,please,どうぞ、お願いします
104,let's,～しましょう
105,come,来る
106,teach,教える
107,have,持っている、食べる
108,has,持っている、食べる（he/sheなど）
109,does,する（he/sheなど）
110,old,古い、年をとった
111,new,新しい
112,young,若い
113,mine,私のもの
114,yours,あなたのもの
115,his,彼のもの
116,hers,彼女のもの
117,ours,私たちのもの
118,theirs,彼ら・彼女らのもの
119,whose,だれのもの
120,milk,牛乳
121,cake,ケーキ
122,math,数学
123,science,科学、理科
124,big,大きい
125,small,小さい
126,time,時間、時刻
127,when,いつ
128,use,使う
129,want,欲しい、～したい
130,piano,ピアノ
131,guitar,ギター
132,song,歌、曲
133,year,年
134,day,日、一日
135,night,夜
136,afternoon,午後
137,before,～の前に、以前に
138,with,～と一緒に、～を使って
139,where,どこ、どこで
140,which,どちら、どの
141,speak,話す
142,talk,話す、会話する
143,help,助ける、助け
144,take,取る、持っていく
145,library,図書館
146,aunt,おば、おばさん
147,uncle,おじ、おじさん
148,car,車
149,bus,バス
150,TV,テレビ
151,music,音楽
152,sing,歌う
153,wash,洗う
154,read,読む
155,write,書く
156,swim,泳ぐ
157,now,今
158,cup,カップ、コップ
159,room,部屋
160,bed,ベッド
161,home,家、家庭
162,homework,宿題
163,by,～によって、～のそばに、～までに
164,but,しかし、でも
165,drive,運転する
166,get,得る、手に入れる、～になる
167,food,食べ物
168,breakfast,朝食
169,lunch,昼食
170,fast,速い、速く
171,dinner,夕食
172,well,上手に、よく、元気に
173,always,いつも
174,usually,ふつう、たいてい
175,often,よく、しばしば
176,sometimes,ときどき
177,today,今日
178,stand,立つ
179,sit,座る
180,say,言う
181,birthday,誕生日
182,o'clock,～時
183,over,～の上に、～を越えて、終わって
184,little,小さい、少しの
185,large,大きい、広い
186,short,短い、背が低い
187,long,長い
188,beautiful,美しい、きれいな
189,busy,忙しい
190,lot,たくさん
191,here,ここに、ここで
192,there,そこに、そこで
193,visit,訪れる、訪問する
194,stop,止まる、止める
195,family,家族
196,child,子ども
197,children,子どもたち
198,early,早い、早く
199,late,遅い、遅く
200,about,～について、約、およそ
201,tree,木
202,flower,花
203,make,作る
204,leave,去る、出発する、置いていく
205,drink,飲む、飲み物
206,hand,手
207,eye,目
208,kind,親切な、種類
209,hungry,お腹がすいた
210,pretty,かわいい、かなり
211,interesting,おもしろい、興味深い
212,favorite,一番好きな、お気に入りの
213,great,すばらしい、すごい
214,sorry,ごめんなさい、気の毒な
215,so,とても、だから、そう
216,cook,料理する、料理人
217,bread,パン
218,dish,皿、料理
219,knife,ナイフ
220,camera,カメラ
221,computer,コンピューター
222,CD,CD
223,window,窓
224,door,ドア
225,shop,店、買い物をする
226,season,季節
227,country,国、田舎
